Ajit Vidialay Sen Sec School - Schools In Amritsar | PSEB School In Amritsar,"JV9P+69 Katra Ahluwalia, Amritsar, Punjab",,ajitvidialay.com
Holy Heart Presidency School - ICSE School In Amritsar,holyheartschools.com,"Street No.2, Ranjit Vihar, Loharka Rd, P.O, Gumtala, Amritsar, Punjab 143001",073411 24827
Ajanta Public School - Best Public School | CBSE School in Amritsar,"MV3G+8F Amritsar, Punjab",,ajantapublicschool.com
Jagat Jyoti Model High School - Best School In Amritsar,"JVGJ+WW Amritsar, Punjab",,jagatjyotischool.org
Mount Litera Zee School - A CBSE School in Amritsar,mountliteraamritsar.edu.in,"Loharka Rd, Gumtala, Amritsar, Punjab 143008",098773 63333
Radcliffe School,"JVR5+RR Amritsar, Punjab",,radcliffe.in
Prithvi Public School-Best Kindergarten School In Amritsar/Best Playpen School In Amritsar,"JVF9+HF Katra Ahluwalia, Amritsar, Punjab",,facebook.com
DAV Public School,"JVVG+HP Gopal Nagar, Amritsar, Punjab",,davpublic.com
Alexandra School,alexandraschool.org,"8, Queens Rd, near Popular Hotel, INA Colony, Amritsar, Punjab 143001",0183 256 4563
Baba Isher Singh (N) Public School,"MV63+8X Ranjit Avenue, Amritsar, Punjab",,babaishersinghnanaksarpublicschool.co.in
S.G.H School - Best School in Cheharta Best School in Amritsar,"JQ9W+XV Chheharta, Amritsar, Punjab",,business.site
DAV International School,"MW2G+GR Amritsar, Punjab",,davintschool.org
Amrit Senior Secondary School,"JVV4+6J Amritsar Cantonment, Amritsar, Punjab",,Claim this business
Shri Ram Ashram Public School,"JVRM+9G Amritsar, Punjab",,0183 257 1803
Amritsar Public School Senior Secondary,"JW97+2W Amritsar, Punjab",,amritsarpublicschool.com
Sareen Infotech- Bharteeya Vidya Niketan Sr. Sec. School (Sareen School),"JVJQ+46 Tehsilpura, Amritsar, Punjab",,098031 31315
Sacred Heart Senior Secondary School,shsamritsar.org,"Majitha Rd, opposite ESI Hospital, Bhawani Nagar, Amritsar, Punjab 143001",0183 242 2574
DAV Public School,"JVVG+XC Amritsar, Punjab",,davpublic.com
Cedar Spring High School,"MV24+W2 Ranjit Avenue, Amritsar, Punjab",,0183 250 1742
Sri Guru Harkrishan Senior Secondary Public School,"JW57+JF Amritsar, Punjab",,harkrishanpublicschool.com
