A N Gurral Memorial High School,"8HCF+R3 Jalandhar, Punjab",,0181 247 2248
Army public school,"7JPJ+4P Jalandhar Cantt, Jalandhar, Punjab",,Claim this business
Bright Beginning School,"8HHC+89 Shakti Nagar, Jalandhar, Punjab",,098889 46464
Eklavya School Jalandhar,"8H6F+8F Jalandhar, Punjab",,eklavyaschooljal.org
"Army Public School, Jalandhar Cantt",apsjalandhar.com,"New S A Colony, Jalandhar Cantt, Jalandhar, Punjab 144005",0181 263 0776
B R S Public School,"7GMX+2W Khurla Kingra, Jalandhar, Punjab",,Claim this business
Police DAV Public School,policedavjal.in,"PAP Campus, Grand Trunk Road, Jalandhar Cantonment, Jalandhar, Punjab 144001",0181 224 1246
Apeejay School Jalandhar (Mahavir Marg),apeejay.edu,"Mahavir Marg, New Jawahar Nagar, Civil Line, Jalandhar, Punjab 144001",0181 245 8546
British Olivia,"8J6P+34 Rama Mandi, Jalandhar, Punjab",,097817 84809
"Academic Heights Public School, Jalandhar","7MJ3+RR Jalandhar, Punjab",,academicheights.in
Apeejay School Jalandhar (Tanda Road),apeejay.edu,"Devi Talab Mandir Road, Tanda Rd, Jalandhar, Punjab 144001",0181 245 8546
Nirmaan School For Holistic Education,"9G6V+3M Maqsudan, Jalandhar, Punjab",,nirmaanschool.com
"Bachpan Play School, Jalandhar Cantt.","7JQX+MM Jalandhar Cantt, Jalandhar, Punjab",,bachpanglobal.com
CT Public School,ctpublicschooljal.com,"Grand Trunk Road, near Amritsar By Pass, Greater Kailash, Maqsudan, Jalandhar, Punjab 144008",0181 500 9555
M.G.N. Public School,mgnpsjal.com,"Krishna Nagar, Adarsh Nagar, Jalandhar, Punjab 144002",0181 225 4463
Swami Sant Dass Public School,swamisantdass.com,"JP Nagar Rd, J.P. Nagar, Jalandhar, Punjab 144002",0181 225 0127
B.s.f Primary School,"7JQC+94 Jalandhar Cantt, Jalandhar, Punjab",,0181 245 5800
Mayor World School,"7HVV+H4 Jalandhar, Punjab",,mayorworld.org
Sanskriti KMV School,sanskritikmv.in,"Circular Road, Tanda Road, Circular Chowk, Near KMV College, B D A Enclave, Aman Nagar, Jalandhar, Punjab 144004",0181 249 1741
IVY World School,ivyworldschool.in,"Hoshiarpur Road, Rama Mandi, Jalandhar, Punjab 144007",075891 17245
